<?xml version="1.0" encoding="utf-8"?>
<ApplicationInstallerManifest>
   <DefaultInstallationDirectory>/Applications/Ball_Corporation/IEGUI/</DefaultInstallationDirectory>
   <ApplicationName>IEGUI</ApplicationName>
   <ExecutableName>application/IEGUI.exe</ExecutableName>
   <GUID>d9954aba-6fa9-4159-842d-511e819025c3</GUID>
   <ApplicationIcon>default_icon_48.png</ApplicationIcon>
   <Logo>default_logo.png</Logo>
   <Version>1.0</Version>
   <AuthorOrganization>Ball Corporation</AuthorOrganization>
   <WelcomePanelText>IEGUI 1.0
Marc Bode
mbode@ball.com</WelcomePanelText>
   <MCRProducts>
      <MCRProduct>
         <ExternalProductIdentifier>35000</ExternalProductIdentifier>
      </MCRProduct>
      <MCRProduct>
         <ExternalProductIdentifier>35001</ExternalProductIdentifier>
      </MCRProduct>
   </MCRProducts>
</ApplicationInstallerManifest>